,emax,ec50,h
linsitinib,0.0,1.20051145135e-08,0.128494940009
DASATINIB,0.0,3.890664406e-17,0.0476646238779
osimertinib,0.0,2.36926941736e-08,0.556777502861
