,emax,ec50,h,ec50_CI,h_CI
linsitinib,0.28846794956,1.77407699051e-09,0.355543767478,1.20051145135e-08,0.128494940009
DASATINIB,0.252177343685,3.84929395673e-10,1.00089716035,3.890664406e-17,0.0476646238779
osimertinib,0.386337118363,2.80966103038e-09,2.51694323353,2.36926941736e-08,0.556777502861
