,emax,ec50,h
linsitinib,0.0,1.2005114513451203e-08,0.12849494000851416
DASATINIB,0.0,3.890664406003424e-17,0.04766462387792458
osimertinib,0.0,2.3692694173552787e-08,0.5567775028605405
