,emax,ec50,h,ec50_CI,h_CI
linsitinib,0.28846795092155586,1.7740770229493426e-09,0.3555437718360034,1.2005114513451203e-08,0.12849494000851416
DASATINIB,0.2521773436130052,3.849293880512156e-10,1.0008971521258132,3.890664406003424e-17,0.04766462387792458
osimertinib,0.38633711954104993,2.809661025224789e-09,2.5169433400401866,2.3692694173552787e-08,0.5567775028605405
