"","X","PGC1a","NOX5","cell","rates"
"1",3,2067,129,"A2058_SKIN",0.03
"2",4,96,99,"A375_SKIN",0.005
"3",45,15,25,"SKMEL28_SKIN",0.010262904
"4",49,6030,201,"SKMEL5_SKIN",0.01447017
"5",52,147,164,"WM115_SKIN",0.013
"6",53,1188,31,"WM1799_SKIN",-0.002266618
"7",54,1795,156,"WM2664_SKIN",0.003811982
"8",55,121,58,"WM793_SKIN",0.01531627
"9",56,558,2,"WM88_SKIN",-0.02068
"10",57,1493,53,"WM983B_SKIN",0.021508591
